title,nonnegative,negative
weibo_articles,0.9005735690960877,0.0994264309039123
./zhuanlan/佛系游戏——旅行青蛙中文全攻略！,0.9837962132284284,0.016203786771571613
./zhuanlan/旅行青蛙的世界,0.4914535354659947,0.5085464645340053
./zhuanlan/为什么喜欢旅行青蛙—比起更好的自己，我宁愿做最爽的自己,0.799534779213833,0.20046522078616696
./zhuanlan/一大波呱娃子表情包 被戏精们玩坏的《旅行青蛙》,0.5926330304225949,0.40736696957740515
./zhuanlan/我的旅行青蛙,0.918966397388613,0.08103360261138708
./zhuanlan/《旅行青蛙》妈的一个字都看不懂，还要陪网络假嗨,0.2689815771203691,0.7310184228796309
./zhuanlan/中红旅|从《旅行青蛙》等爆款游戏的策划逻辑分析旅游景区社交升级和商业转化,0.9997734552289609,0.00022654477103915192
./zhuanlan/王思聪：要娶就娶《旅行青蛙》玩家,0.6858065345927589,0.3141934654072412
./zhuanlan/“旅行青蛙”让你知道最爱你的人是谁,0.9315900592450197,0.06840994075498034
./zhuanlan/佛系玩家的最爱，手机云养蛙！《旅行青蛙》参上！,0.9887047108978476,0.011295289102152425
./zhuanlan/《旅行青蛙》大家来看我装逼啊～最贵的东西都在了,0.07894421878870528,0.9210557812112947
./zhuanlan/《旅行青蛙》，你的蛙蛙是去旅行吗？,0.7108250758583616,0.2891749241416383
./zhuanlan/昨天，因为这篇EXCEL教程，我卸载了旅行青蛙。,0.33977382091242714,0.6602261790875729
./zhuanlan/《旅行青蛙》（旅かえる）翻译,0.9774406792672945,0.022559320732705553
./zhuanlan/旅游青蛙刷屏，杜蕾斯这个蹭热点的老司机，自然不会错过,0.9958814445400724,0.004118555459927596
./zhuanlan/从二次元圈到大叔圈，旅行青蛙是如何实现跨圈层刷屏的？,0.6691342127444779,0.330865787255522
./zhuanlan/「旅行青蛙」朋友圈爆火——揭秘瓜蛙子,0.9954220558426554,0.004577944157344578
./zhuanlan/【旅行青蛙】这只青蛙刷爆了朋友圈，背后的真相却是让人泪崩……,0.5299925323826473,0.47000746761735274
./zhuanlan/旅行青蛙（旅かえる ）论养蛙人的专业素养,0.9998330702303428,0.00016692976965720615
./zhuanlan/旅行青蛙--惊天大bug,0.205056179688604,0.794943820311396
./zhuanlan/写在发布《旅行青蛙的真相》之后,0.9331882243046357,0.06681177569536435
./zhuanlan/旅行青蛙：我的蛙蛙竟然和小蝴蝶睡觉觉了,0.48697316165363635,0.5130268383463636
./zhuanlan/旅行青蛙,0.8024381792270342,0.19756182077296583
./zhuanlan/最近大热的旅行青蛙——一只青蛙所映射出的育儿经~,0.44847711017481284,0.5515228898251872
./zhuanlan/超准！玩《旅行青蛙》还能看出你2018年财运指数,0.9998790846985194,0.00012091530148056952
./zhuanlan/玩了这么久的《旅行青蛙》？他的老家在哪儿？,0.8684617784277122,0.13153822157228773
./zhuanlan/“旅行青蛙消防隐患图”走红 消防人员披露创作过程,0.005285721801306376,0.9947142781986936
./zhuanlan/呱行千里母担忧，“旅行青蛙”凭什么牵动我们的心？,0.6786320814252826,0.32136791857471736
./zhuanlan/旅行青蛙｜你蛙不在家的日子，究竟去哪儿了？,0.9987486215116277,0.001251378488372363
./zhuanlan/旅行青蛙丨蛙（娃）行千里，母忧万里,0.501187352995845,0.49881264700415495
./zhuanlan/最近大火的旅行青蛙，你可知道呱儿子都去了日本哪些地方游玩？,0.9998204343989532,0.00017956560104680208
./zhuanlan/《旅行青蛙》| 等待和希望,0.13457704576165086,0.8654229542383491
./zhuanlan/我用吉他把旅行青蛙的BGM弹出来啦~,0.8161596873089174,0.18384031269108253
./zhuanlan/跟着一只青蛙去旅行,0.9994801526503097,0.0005198473496903416
./zhuanlan/从跳一跳到旅行青蛙，我们是有多无聊？,0.3440242972522789,0.6559757027477211
./zhuanlan/《旅行青蛙》之旅行日记,0.5782976983545736,0.4217023016454265
"./zhuanlan/火爆中美""旅かえる""（旅行青蛙）的佛系留学生活",0.7737840508504948,0.22621594914950516
./zhuanlan/旅行青蛙：我和蛙儿子的关系，是我见过最好的亲密关系！,0.9460156490228037,0.05398435097719638
./zhuanlan/旅行青蛙眼中的世界，是什么样的？,0.9994655399193076,0.0005344600806923229
./zhuanlan/【干货】《旅かえる》(旅行青蛙)不佛性的玩法讲解,0.8204540345640916,0.17954596543590845
./zhuanlan/妖App|无聊日本手游《旅行青蛙》登顶中国下载榜首背后：国人不敢奢望的佛系情感需求,0.9150283814196252,0.08497161858037484
./zhuanlan/《旅行青蛙》里面隐藏的摄影秘诀,0.9946969741313266,0.005303025868673377
./zhuanlan/呱儿子你又带回来啥好吃的？——（旅かえる）旅行青蛙中的日本特产·中,0.9471999941440256,0.05280000585597448
./zhuanlan/旅行青蛙：青蛙儿子教给你的三个变美习惯,0.668229402861221,0.331770597138779
./zhuanlan/旅行青蛙-蛙哈哈-第二日,0.9815868943213067,0.01841310567869323
"./zhuanlan/旅行青蛙火了,杜蕾斯赢了!",0.9993597388155117,0.0006402611844883412
./zhuanlan/【原版扒谱】《旅行青蛙》BGM钢琴谱,0.7897237864466236,0.21027621355337647
./zhuanlan/新晋网红“旅行青蛙”带你去看日本独特的清洁博物馆,0.9996540251297045,0.00034597487029552416
./zhuanlan/等蛙回家之《旅行青蛙》中日翻译&景点介绍,0.8482811780422723,0.15171882195772773
./zhuanlan/【不断更新中】我与青蛙ココロ（《旅行青蛙》游戏记录，带翻译）,0.9320355150102321,0.06796448498976788
./zhuanlan/为什么旅行青蛙会在中国火爆？,0.8977427454712701,0.10225725452872993
./zhuanlan/回家除了玩旅行青蛙，想提高自己的情商，应该读什么书？,0.9656169781214808,0.03438302187851918
./zhuanlan/旅行青蛙的真相！看到最后的人都惊了,0.991843413248422,0.008156586751578035
./zhuanlan/旅行青蛙有哪些心理学上的启示？,0.9985153219195608,0.0014846780804392181
./zhuanlan/旅行青蛙是在侮辱人的智商吗,0.04453250911834228,0.9554674908816577
./zhuanlan/旅行青蛙：尽管我无法控制蛙儿子的行动,0.6983839786095444,0.3016160213904556
./zhuanlan/你的呱儿子在《旅行青蛙》里去的景点，原来都大有来头！,0.9999989170311018,1.0829688981863105e-06
./zhuanlan/旅行青蛙，你有了吗？,0.9685073777059304,0.031492622294069614
./zhuanlan/旅行青蛙的提示,0.9837179579720875,0.01628204202791252
./zhuanlan/《旅行青蛙》是不是生活中的你？,0.845899528734579,0.15410047126542106
./zhuanlan/旅行青蛙：日本人的生育小软件为什么会在中国大火？,0.9889272779907589,0.011072722009241191
./zhuanlan/旅行青蛙里的小秘密~,0.6982907685189627,0.30170923148103734
./zhuanlan/旅行青蛙-蛙哈哈-初始日,0.4015613963518312,0.5984386036481688
./zhuanlan/《旅行青蛙》其实是个心理测试？！,0.9689242523853582,0.03107574761464182
./zhuanlan/旅行青蛙在北欧，“我一个人吃饭、旅行、到处走走停停”,0.9878813509288834,0.012118649071116552
./zhuanlan/《旅行青蛙》の启示：物业人，如何做一个智慧爆棚的“老母亲”,0.017853838653190235,0.9821461613468098
./zhuanlan/旅行青蛙：沉迷吸蛙让你提前30年体验当老母亲的心境,0.7640979686446477,0.23590203135535223
./zhuanlan/为什么四个貌美“野男人”整不过一只不回家的小青蛙？,0.9970919576551459,0.002908042344854119
./zhuanlan/“旅行青蛙消防隐患图”网上走红 消防人员披露创作过程,0.005548359500073041,0.994451640499927
./zhuanlan/《旅行青蛙》：养蛙方知父母心，留守的爸妈谁来疼？,0.9993101330886912,0.0006898669113088133
"./zhuanlan/""旅行青蛙""版""跳一跳""？看热点催生下的国产""创新力""",0.9699466246151407,0.0300533753848593
./zhuanlan/旅行青蛙超级简单攻略,0.8961094478728611,0.10389055212713894
./zhuanlan/旅行青蛙以光速刷屏，戏精为何抛弃老公开始养娃？,0.8832749278731855,0.11672507212681443
./zhuanlan/你家蛙崽子是男孩还是女孩？——游戏（旅行青蛙）,0.9989035829834163,0.0010964170165836903
./zhuanlan/《旅行青蛙》：温暖又伤感的代际寓言,0.9987783704331997,0.001221629566800222
./zhuanlan/《旅行青蛙》我的崽回来了吗~,0.6564753845688003,0.3435246154311997
./zhuanlan/盘点APP推广如何花式蹭“蛙”热|App Growing观察,0.7467763364039359,0.2532236635960641
./zhuanlan/你们的蛙都在我这...,0.9067640619813879,0.09323593801861209
./zhuanlan/最近火爆的旅行青蛙“蛙儿子”出走之后给我带回了这份惊喜! 喝墨水,0.9182005629681088,0.08179943703189121
./zhuanlan/请放过那只《旅行青蛙》，他只想祭奠下“独立青年”,0.903498150284267,0.09650184971573295
./zhuanlan/你的青蛙儿子回家了吗？旅行青蛙与佛系理财之道,0.9999600391412371,3.996085876295267e-05
./zhuanlan/旅行青蛙中的暴利变现机会，有人几天获利4万多！,0.9608601975821814,0.03913980241781858
./zhuanlan/旅行青蛙不回家的真正原因是……,0.6530843855037061,0.34691561449629393
./zhuanlan/佛系《旅行青蛙》刷爆朋友圈的背后，其实正是孤独的“空巢青年”,0.999692687366122,0.0003073126338779803
./zhuanlan/你+李泽言+旅行青蛙，就是幸福快乐的一家,0.9694179528770868,0.03058204712291321
./zhuanlan/旅行青蛙和比特币、区块链,0.9991420427660499,0.0008579572339500885
./zhuanlan/《旅行青蛙》的背后，是中日年轻人的“低欲望”,0.29277066753924696,0.707229332460753
./zhuanlan/【旅行青蛙】我一只蛙走走停停一只蛙去旅行，小青蛙告诉你的都读懂了吗,0.9997281067615513,0.00027189323844864846
./zhuanlan/最近很火的游戏《旅行青蛙》的故事,0.9726102968290217,0.027389703170978313
./zhuanlan/我在《旅行青蛙》养了只操碎了心的呱娃子…,0.9264043054816659,0.07359569451833418
./zhuanlan/爆火日本小游戏“旅行青蛙”中文攻略，你娃回家了吗？,0.9978960991373689,0.0021039008626311598
./zhuanlan/旅行青蛙：谁不是无聊地度过了这“无聊的一生”,0.1726090585814095,0.8273909414185905
./zhuanlan/“旅行青蛙”刷爆朋友圈，关于“旅行青蛙”你不知道的秘密,0.3009890144611178,0.6990109855388822
./zhuanlan/旅行青蛙爱旅游？这些传染病要小心！,0.09259259073346071,0.9074074092665393
./zhuanlan/为什么大家这么爱玩旅行青蛙？,0.9992460698699901,0.000753930130009936
./zhuanlan/旅行青蛙，我们的蛙崽儿都吃的什么？,0.9997258791269137,0.00027412087308635043
./zhuanlan/1000万人养“蛙儿子”，950万来自中国,0.9977475354595343,0.0022524645404657195
./zhuanlan/旅行青蛙秘籍+攻略~莲田教你躲大坑！抽大奖！,0.7447178043162634,0.25528219568373656
./zhuanlan/旅行青蛙、跳一跳，为什么这些游戏可以刷屏？,0.9999192203016167,8.07796983832987e-05
./zhuanlan/旅行青蛙之中日翻译,0.6901619986575505,0.3098380013424495
./zhuanlan/拍过电影！做过VR！旅行青蛙CP成立10年 作品28款,0.9986329321445904,0.0013670678554096845
./zhuanlan/旅行青蛙|攻略2.0图鉴大全-儿子到哪去了,0.9998703126000112,0.0001296873999887341
./zhuanlan/刷爆朋友圈！佛系“养蛙”游戏《旅行青蛙》走红，养完总裁开始养蛙？,0.9992337458094578,0.0007662541905422193
./zhuanlan/旅行青蛙--玩法简介,0.2695063737662161,0.7304936262337839
./zhuanlan/旅行青蛙消费的是什么,0.04794124494600882,0.9520587550539912
./zhuanlan/旅行青蛙告诉我们的7个道理,0.6652995627601206,0.33470043723987947
./zhuanlan/敢不敢跳出游戏，真的去旅行，别让《旅行青蛙》成为捆绑你生活的又一扎绳,0.6247175481620897,0.37528245183791037
./zhuanlan/佛系手游旅行青蛙爆红朋友圈：每个人都生来孤独,0.8049238354150388,0.19507616458496127
./zhuanlan/备孕女性可要学学《旅行青蛙》的小渣蛙 多旅行多运动才能健康备孕哦,0.9358708288473325,0.06412917115266752
./zhuanlan/《旅行青蛙》真能满足你的心理需求么,0.9950169428655551,0.004983057134444872
./zhuanlan/旅行青蛙的终极大坑！你中招了吗？,0.9812211798965621,0.018778820103437847
./zhuanlan/维客“旅行青蛙”省钱宝典：再穷不能穷孩子！,0.9800155870938347,0.019984412906165237
./zhuanlan/旅行青蛙：养不起蛙九大理由,0.9137120518467686,0.08628794815323135
./zhuanlan/旅行青蛙 | 爆红背后的佛系人生,0.9307250659853963,0.06927493401460377
./zhuanlan/“旅行青蛙”的火爆是偶然？答案就在游戏里,0.05651525567450466,0.9434847443254953
"./zhuanlan/呱娃子在《旅行青蛙》里给我寄来了明信片，
它到底浪哪去了？",0.9652546315645361,0.034745368435463914
./zhuanlan/《旅行青蛙》喂食攻略！！！,0.9799754100459153,0.02002458995408477
./zhuanlan/热点英文 #微信登录意大利# #旅行青蛙#,0.6082437636098608,0.3917562363901393
./zhuanlan/游戏旅行青蛙爆红？过了这周就会被遗忘,0.9993725323752737,0.0006274676247262894
./zhuanlan/旅行青蛙的养蛙攻略-新手入门篇,0.9910088240211822,0.008991175978817783
./zhuanlan/旅行青蛙｜我们灵魂深处渴望自由,0.9667685849174414,0.03323141508255859
./zhuanlan/费心养旅行青蛙，不如尽情做航行情侣,0.9998435148742368,0.00015648512576312668
./zhuanlan/“旅行青蛙”走红，大家到底在玩什么？,0.8716019673598955,0.1283980326401045
./zhuanlan/童趣一把，当旅行青蛙遇到腊八节,0.984695184515873,0.015304815484127036
./zhuanlan/旅行青蛙背后的故事,0.3429278063949657,0.6570721936050343
./zhuanlan/玩转旅行青蛙游戏攻略—高手篇,0.9770577808303045,0.02294221916969548
./zhuanlan/《旅行青蛙》：你中了治愈系手游的套路，全民养蛙火不了多久！,0.8841712156372129,0.11582878436278714
./zhuanlan/《旅行青蛙》儿行千里母担忧,0.9983670502385161,0.0016329497614838207
./zhuanlan/【青蛙旅行】想给呱儿子买外挂？小心有诈！,0.6008947792448771,0.3991052207551229
./zhuanlan/有人知道旅行青蛙游戏里的青蛙秘密吗,0.5331541320099142,0.4668458679900857
./zhuanlan/【音乐欣赏】钢琴演奏“旅行青蛙”,0.7481664253533424,0.2518335746466576
./zhuanlan/切勿盲目跟风玩“旅行青蛙”，iPhone手机用户们小心上当受骗哦！,0.6663051709887515,0.3336948290112485
./zhuanlan/震惊！！！旅行青蛙的真实身份居然是一个网络主播。。,0.2922200860238474,0.7077799139761526
./zhuanlan/旅行青蛙去了特色果汁加盟店里不肯回家,0.8160624191837547,0.18393758081624537
./zhuanlan/【蜜拓蜜儿童灸】#旅行青蛙#再也不担心的呱出门生病了,0.97824773831487,0.021752261685129958
./zhuanlan/“旅行青蛙”来大同，会发生什么呢？,0.9999992386649589,7.613350411680626e-07
./zhuanlan/寻找内心的旅行青蛙,0.9983450581780984,0.0016549418219016518
./zhuanlan/《旅行青蛙》会不会像《恋与制作人》一样刷爆朋友圈？,0.49499201642722224,0.5050079835727778
./zhuanlan/旅行青蛙丨从闲情逸趣的蛙到催生的旅行娃,0.6370208458337709,0.3629791541662291
./zhuanlan/《旅行青蛙》之萌新攻略篇,0.9893106037352792,0.010689396264720805
./zhuanlan/旅行青蛙中文攻略集合,0.4593508674725474,0.5406491325274526
./zhuanlan/日本游戏“旅行青蛙”国内下载量950万，占比95%！,0.9557739277171132,0.044226072282886726
./zhuanlan/“旅行青蛙”外挂藏风险：部分买家出现手机数据丢失,2.6412014534904493e-05,0.9999735879854651
./zhuanlan/旅行青蛙：我蛙不可能这么可爱,0.5180250622815565,0.48197493771844346
./zhuanlan/当旅行青蛙走红，除了玩游戏，我们还能做什么,0.845030962885262,0.15496903711473797
./zhuanlan/你的蛙有诗和远方，你呢？,0.9917149050075855,0.008285094992414513
./zhuanlan/旅行青蛙微信群QQ群2018火爆养成游戏,0.6790864865932837,0.3209135134067163
./zhuanlan/旅行青蛙明信片的地方竟然真的存在！手游手柄中文攻略,0.9674254244864315,0.032574575513568474
./zhuanlan/日本佛系手游旅行青蛙里，青蛙带回来的特产究竟都是啥？,0.9967866404772155,0.0032133595227844714
./zhuanlan/旅行青蛙-蛙哈哈-第三日,0.9704819783221235,0.029518021677876517
./zhuanlan/旅行青蛙——世界那么大，代我去看看可好。,0.9981184567501522,0.0018815432498477567
./zhuanlan/我用钢琴把旅行青蛙的BGM弹出来了,0.1655180697228663,0.8344819302771337
./zhuanlan/今天给儿子做便当了吗！？旅行青蛙便当食谱介绍~松饼，贝果，三明治食谱,0.998982202970325,0.0010177970296750241
./zhuanlan/红手指告诉你佛系游戏《旅行青蛙》为何深得你心？,0.999663640836821,0.0003363591631789563
./zhuanlan/旅行青蛙丨今天的你养呱了吗,0.8326963313626319,0.16730366863736817
./zhuanlan/旅行青蛙很火，什么时候来个旅行万事屋？,0.9761845015301394,0.023815498469860655
./zhuanlan/《旅行青蛙》大火，准备给孩子幼升小的父母们，你们玩了吗,0.9521362721644161,0.04786372783558387
./zhuanlan/玩旅行青蛙（旅かえる）有哪些体验？,0.9759976010855493,0.024002398914450704
./zhuanlan/旅行的青蛙，我的想法,0.11939702995160617,0.8806029700483938
./zhuanlan/#旅行青蛙# 手绘 水彩 #剪纸拼贴#教程视频大放送,0.9979364255340706,0.0020635744659294342
./zhuanlan/“妈，我回来了”——《旅行青蛙》为什么好玩？,0.9989526568979868,0.0010473431020132052
./zhuanlan/如何看待“旅行青蛙”游戏,0.9788200658121935,0.021179934187806455
./zhuanlan/【持续更新】代我去旅行的青蛙🐸,0.9926903953314548,0.0073096046685451966
./zhuanlan/我们采访了《旅行青蛙》的日本开发团队，他们有话对中国玩家说...,0.46833148439463346,0.5316685156053665
./zhuanlan/旅行青蛙，到底怎么火的？（附中文教学视频）,0.31116998593853895,0.688830014061461
./zhuanlan/旅行青蛙 l 养蛙7天，竟让我悟到新婚调教老公的秘诀,0.9996645896762854,0.0003354103237146594
./zhuanlan/揭秘！旅行青蛙背后的真相！,0.965040201993101,0.034959798006899016
./zhuanlan/关于旅行青蛙,0.39482840231345007,0.6051715976865499
./zhuanlan/旅行青蛙苹果IOS版中文汉化可以下载,0.8795958781230055,0.12040412187699448
./zhuanlan/旅行青蛙 《旅かえる》| 快来看看你家儿砸到底去哪旅行了！,0.999867973847452,0.0001320261525480524
./zhuanlan/由《旅行青蛙》中呱儿子引发的消防案件,0.9521493373792842,0.047850662620715835
./zhuanlan/旅行的青蛙荣登女性烦恼桂冠 部分男性已被波及……,0.7357244892434402,0.2642755107565597
./zhuanlan/从借势到被借势《旅行青蛙》网络口碑轨迹复盘,0.5576683509089901,0.44233164909100986
./zhuanlan/佳伦说：旅行青蛙为什么突然火起来？,0.9582915957876987,0.04170840421230128
./zhuanlan/跳一跳，旅行青蛙等游戏为何大火？,0.276858786710628,0.723141213289372
./zhuanlan/《旅行青蛙》这么治愈，那这么多1星差评是在吐槽什么？,0.8060149931910966,0.19398500680890338
./zhuanlan/揭秘《旅行青蛙》游戏爆火背后的逻辑丨VR开发或将吸引更多女程序员加入,0.9952170750671674,0.004782924932832584
./zhuanlan/这只爱旅行的青蛙火遍了朋友圈，全世界都在找儿子！,0.9922833482602651,0.007716651739734892
./zhuanlan/【网赚】风口上的青蛙旅行项目，借热点这阵风，让你轻松日入上千元！,0.9996036853280911,0.00039631467190889683
./zhuanlan/天搜分析国内无法做出《旅行青蛙》这样游戏的原因,0.9913946627191568,0.00860533728084318
./answer/游戏旅行青蛙，iOS苹果版怎么下载？,0.9209519344256157,0.07904806557438422
./answer/旅行青蛙攻略？如何带好“呱儿子”？,0.9898121430768554,0.010187856923144563
./answer/有一个智障男朋友是一种什么样的体验？,0.6387744796542092,0.36122552034579075
./answer/有哪些业余赚钱的途径？,0.1779103463615701,0.8220896536384299
./answer/《旅行青蛙》中抽到的不同的金平糖和鸡蛋丸子的具体作用？,0.8535982239510334,0.1464017760489666
./answer/旅行青蛙没给他准备东西出门了，三天没回来了，还回得来吗……?,0.37306836827494716,0.6269316317250528
./answer/旅行青蛙的这个是什么意思？,0.48154423833248794,0.5184557616675121
./answer/日本在互联网创新方面是否已完全落后中国？,0.7335175305855977,0.2664824694144024
./answer/你为什么不玩旅行青蛙？,0.022535650775076577,0.9774643492249234
./answer/旅行青蛙 求助 蜗牛礼物，我收到了什么？,0.7486243125848935,0.2513756874151066
./answer/《旅行青蛙》里青蛙真的会死吗？如果会死那官方用意何在？,0.6454782416856805,0.35452175831431954
./answer/日本人是怎么看到旅行青蛙近期在中国火爆的？,0.29226360976796006,0.7077363902320399
./answer/《旅行青蛙》里有什么有趣的细节？,0.4990273795786384,0.5009726204213616
./answer/旅行青蛙 一直没有回来？,0.22968947064117817,0.7703105293588218
./answer/怎么看待《旅行青蛙》，怎么看待玩旅行青蛙的人？透过这个游戏，能从哪些侧面看到现在旅行市场的特征？,0.9842051555556453,0.015794844444354805
./answer/有哪些看似聪明，实则很傻的行为？,0.054156478314478895,0.9458435216855211
./answer/粉丝是真的爱他们的明星吗？,0.26292080336076296,0.737079196639237
./answer/旅行青蛙中的呱在你心中的什么样的存在？,0.8691021372882612,0.13089786271173873
./answer/旅行的青蛙是田鸡吗？,0.7874837743974709,0.21251622560252914
./answer/为什么放置游戏《旅行青蛙》能怎么火？,0.7407205228137304,0.25927947718626965
./answer/《旅行青蛙》在日本火吗？,0.1437997405074244,0.8562002594925756
./answer/旅行青蛙，是你85后该玩的吗？,0.9999976213170794,2.3786829206325456e-06
./answer/旅行青蛙：玩了有错吗？,0.9728020253862197,0.027197974613780266
./answer/旅行青蛙为什么会这样？,0.17383448374315436,0.8261655162568456
./answer/旅行青蛙为什么会那么火？,0.27084708528017964,0.7291529147198204
./answer/旅行的青蛙会被腾讯抄袭吗？,0.3394639833344454,0.6605360166655546
./answer/有哪些拙劣但成功过的骗局？,0.00038181182468366437,0.9996181881753163
./answer/旅行青蛙真的好玩吗？,0.3141872472801953,0.6858127527198047
./answer/旅行青蛙 点青蛙名字下面那个框出来的是什么意思呀？,0.7687627277354085,0.2312372722645915
./answer/旅行青蛙这个图是什么意思？,0.2607379028003153,0.7392620971996847
./answer/生活中有旅行青蛙的陪伴，想要收入不砍半有简税达人的陪伴吗？,0.39971476149206975,0.6002852385079303
./answer/为什么是旅行青蛙而不是旅行兔子？,0.835731002237855,0.16426899776214504
./answer/旅行青蛙会变异吗？,0.34850223026832916,0.6514977697316708
./answer/旅行青蛙怎么玩？,0.9998147305170523,0.00018526948294777775
./answer/大家有没有旅行青蛙汉化版的资源？,0.8951943349408057,0.10480566505919434
./answer/旅行青蛙从哪里火起来的？,0.16150054187185447,0.8384994581281455
./answer/旅行青蛙的蛙仔到底会不会死?,0.3982923520420114,0.6017076479579886
./answer/国内各种蹭旅行青蛙热点，会有法律风险吗？,0.623576871319792,0.37642312868020805
./answer/怎么看待模仿旅行青蛙游戏做了一个收费30元的跳一跳软件？,0.055291378305886485,0.9447086216941135
./answer/如何看待「北大留美学生万字数落父母，12 年不归拉黑父母 6 年」这一新闻？,0.002815886402304013,0.997184113597696
./answer/旅行青蛙里有人收到过这张明信片，知道这是哪里吗？,0.45026976303827915,0.5497302369617209
./answer/旅行青蛙（旅かえる）中三叶草的刷新规律是怎样的？,0.7316973870498382,0.2683026129501618
./answer/旅行青蛙里蛙蛙带回来的这个问号表示什么意思呢？,0.5100643335178836,0.4899356664821164
./answer/《旅行青蛙》与《猫咪后院》相比，各自的优缺点是什么？,0.987976880942984,0.012023119057016016
./answer/有哪些类似旅行青蛙的但是互动更多一些的app?,0.8095500609144339,0.19044993908556604
./answer/有一个儿子，是什么样的体验？,0.8142764501663968,0.18572354983360317
./answer/模拟游戏《旅行青蛙》（旅かえる）最吸引你的是什么？,0.9271837481540955,0.07281625184590443
./answer/旅行青蛙汉化版下载踏马的居然是病毒！？,0.2008212593648685,0.7991787406351315
./answer/如何评价旅行青蛙被爆料为日本生育部门的“生育意愿测试器”？,0.4823966472996599,0.5176033527003401
./answer/《旅行青蛙》会不会玩到一个终点？,0.5901493189166104,0.4098506810833896
./answer/如何看待《荒野行动》近期的下载量？,0.6159844994564352,0.3840155005435648
./answer/旅行青蛙的称号都怎么获得？,0.6467965305412833,0.3532034694587167
./answer/有孩子的人养旅行青蛙是什么体验？,0.05965415686622655,0.9403458431337735
./answer/旅行青蛙的结局是什么？,0.6538713327804787,0.3461286672195213
./answer/旅行青蛙没出门就有写真？,0.5366556471342674,0.4633443528657326
./answer/旅行的青蛙里的植物都是什么？,0.9993695854551075,0.000630414544892543
./answer/是什么让你彻底放弃了王者荣耀？,0.11416673622027229,0.8858332637797277
./answer/一只特立独行的蛙，怎么就火了？,0.5816886723173421,0.4183113276826579
./answer/旅行青蛙中有哪些细思恐极的细节？,0.5421293811275671,0.45787061887243286
./answer/如何看待 App Store 上的盗版付费游戏「旅行青蛙.」？,0.012849871250365852,0.9871501287496341
./answer/旅行青蛙的青蛙为什么要削木头？,0.3127784823004227,0.6872215176995773
./answer/做一天旅行的青蛙里的青蛙是怎样的体验？,0.8886652586084784,0.1113347413915216
./answer/旅行青蛙的照片收集？,0.8989268292554803,0.10107317074451971
./answer/玩旅行青蛙发现老公出轨？,0.5851263389942885,0.4148736610057116
./answer/佛系游戏旅行青蛙为什么那么火？,0.3232794317925104,0.6767205682074896
./answer/旅行青蛙是如何火起来的？,0.2630988181353908,0.7369011818646092
./answer/旅行青蛙汉化版小广告打不开怎么办？,0.41374187832644793,0.5862581216735521
./answer/泪点低的人是什么样的体验？,0.32425638007765345,0.6757436199223466
./answer/旅行青蛙IOS版 蜗牛来了无法查收邮件，何解？,0.01970973529493847,0.9802902647050615
./answer/旅行青蛙 ？,0.9838644822877924,0.016135517712207524
./answer/旅行青蛙（旅かえる）如何得三叶草？,0.9251295638725651,0.07487043612743496
./answer/为什么旅行青蛙那么火？,0.32804294909634313,0.6719570509036569
./answer/你在游戏中遇到过哪些可爱的外国人？,0.7232681426208123,0.27673185737918776
./answer/旅行青蛙如果有社交功能，和朋友一起去旅行，你觉得怎么样？,0.25937242703222474,0.7406275729677753
./answer/为什么《光影对决》可以获得TapTap9.3高分推荐和苹果精品推荐？,0.30064011210030095,0.699359887899699
./answer/佛系游戏旅行青蛙怎么玩啊？,0.6949154925110045,0.3050845074889955
./answer/请问有没有玩旅行青蛙会觉得难过的，尤其是当蛙不在家的时候。？,0.706789560438879,0.29321043956112103
./answer/旅行青蛙汉化版和日文版有什么不同？,0.3159441004552336,0.6840558995447664
./answer/旅行的青蛙有个图片是在看电脑，是p的图吗还是真的？,0.27371517126572,0.72628482873428
./answer/《旅行青蛙》的照片是谁拍的？,0.9179298293645001,0.08207017063549993
./answer/旅行青蛙下架苹果商店？,0.2142981227053513,0.7857018772946487
./answer/旅行青蛙有没有登录号码？,0.5584121057946551,0.44158789420534494
./answer/旅行青蛙出门再也不寄明信片，也不带特产了，怎么办？,0.5138033444985386,0.4861966555014614
./answer/《旅行青蛙》这种游戏画面，要做出来，学什么专业？,0.2382938435075571,0.7617061564924429
./answer/预测：中国多久哪家公司会出类似旅行青蛙的游戏？,0.7924083648355833,0.20759163516441675
./answer/旅行青蛙是否过誉了？,0.8050964350699304,0.19490356493006958
./answer/如果你是产品经理，会给《旅行青蛙》增加什么新功能？,0.4440052493775145,0.5559947506224855
./answer/你有哪些令人窒息的操作？,0.3529189924968621,0.6470810075031379
./answer/minecraft快凉了吗?,0.6487710570354026,0.35122894296459745
./answer/旅行青蛙传言可能会死是否属实？,0.012418427611693206,0.9875815723883068
./answer/旅行青蛙这个游戏会被翻版成中国版吗？,0.15346009921657555,0.8465399007834244
./answer/旅行青蛙怎么玩，各位仙女指点一下呀呀，看不到娃仔好焦急！？,0.07738860976683182,0.9226113902331682
./answer/旅行青蛙里不小心删掉了儿子寄回来的照片怎么恢复?,0.31294372568989315,0.6870562743101069
./answer/旅行青蛙这款游戏和头脑王者谁更好玩啊？,0.8714240311915957,0.12857596880840427
./answer/旅行青蛙的主角为什么是一只青蛙？,0.48645023089416606,0.5135497691058339
./answer/如何看待刷遍朋友圈的游戏《青蛙旅行》？,0.9966207289615404,0.003379271038459576
./answer/怎样自制一个旅行青蛙玩偶？,0.7566834154971602,0.24331658450283974
./answer/《旅行的青蛙》给你带来的感觉是什么？,0.8975095888615185,0.10249041113848144
./answer/有哪些压箱底的笑话？,0.8105941399275821,0.1894058600724179
./answer/为什么很多译者在翻译日文时把日文中的汉字直接保留译成汉语？（而不用通行的汉语词汇）？,0.26474688496588705,0.735253115034113
./answer/旅行青蛙为什么会火？,0.915523347694796,0.08447665230520394
./answer/有哪些旅行青蛙的攻略？,0.6073410972117839,0.39265890278821614
./answer/旅行青蛙有没有中文版的？,0.9313415869790772,0.0686584130209228
./answer/旅行青蛙（旅かえる）你蛙儿子不在家的日子究竟去哪玩了？,0.9976238022757918,0.00237619772420812
./answer/旅行青蛙（汉化版）BUG？,0.6957366786638874,0.30426332133611256
./answer/青蛙旅行现在为什么那么受欢迎？,0.4202298652161206,0.5797701347838794
./answer/旅行青蛙 有人玩吗？交流一下？,0.9537129525497822,0.046287047450217854
./answer/旅かえる 旅行青蛙 买三叶草 不到账？,0.44377540496557877,0.5562245950344212
./answer/娱乐圈有哪些「永远的对手」？,0.8985053647375897,0.10149463526241029
./answer/《旅行青蛙》里青蛙睡觉的床为什么那么高？,0.16089119452606737,0.8391088054739326
./answer/是什么支撑你跑完五公里？,0.9965829499272806,0.003417050072719389
./answer/类似旅行青蛙的游戏？,0.7935495892170308,0.20645041078296927
./answer/旅行青蛙寄来一张在隧道里面看起来特别凄凉的照片是什么意思？,0.5291669566901638,0.47083304330983616
./answer/旅行青蛙 为什么每次拍的照片都一样？,0.6102487116054836,0.38975128839451645
./answer/旅行青蛙怎么存明信片？,0.5276303005253165,0.4723696994746835
./answer/旅行青蛙为什么可以那么火？,0.9310606187701588,0.06893938122984125
./answer/《青蛙旅行》中青蛙带回来的照片都是谁给它拍的？,0.7109193644889513,0.28908063551104873
./answer/旅行青蛙游戏，，为什么青蛙在家里，朋友来也不进家门，一直待在门口等？,0.25386084936267184,0.7461391506373282
./answer/旅行青蛙 中蛙蛙没有寄特产，小蜗牛没有吃的咋办？,0.28281356034492855,0.7171864396550715
./answer/旅行青蛙为什么都说是儿子不是女儿？,0.8085782530824681,0.1914217469175319
./answer/旅行青蛙在ipad怎么下载？,0.46411789311309937,0.5358821068869006
./answer/旅行的青蛙怎么下载？,0.6855975102075573,0.31440248979244273
./answer/如何看待六神磊磊发文开撕被「周冲的影像声色」等大号洗稿件这件事？,0.9983848688781046,0.0016151311218953477
./answer/设计一款中国风的旅行青蛙，青蛙会带来哪些有趣的照片？,0.659918088720321,0.340081911279679
./answer/生了二宝以后，你对两个孩子的爱一样吗？,0.8015029791555695,0.19849702084443055
./answer/旅行青蛙有中文吗？,0.8326992171866598,0.16730078281334013
./answer/旅行青蛙 有没有真人版？,0.5900179214438905,0.4099820785561094
./answer/还有哪些类似“旅行青蛙”这样的手游？,0.8324845114542401,0.16751548854575998
./answer/旅行青蛙的三叶草长满需要多长时间。？,0.6817903807068286,0.3182096192931714
./answer/“旅行青蛙”佛系游戏人生你怎么看？,0.8986626981527115,0.10133730184728847
./answer/旅行青蛙的蛙怎么上下楼的呀?,0.6245261275533295,0.3754738724466705
./answer/旅行青蛙（旅かえる）为什么会在国内大火？,0.9280368504524811,0.07196314954751895
./answer/旅行青蛙有多少人喜欢玩？,0.8329350623723645,0.16706493762763555
./answer/旅行青蛙（旅かえる）中每个人的青蛙是不是真的各自有性格？,0.03251737869686,0.96748262130314
./answer/养一只美短是怎样的体验？,0.9750098495034625,0.024990150496537536
./answer/玩旅行青蛙的各位，都给蛙取了什么名字？,0.7306176680926204,0.26938233190737954
./answer/你给你的旅行青蛙（旅かえる  ）起了什么名字？,0.4736702921761895,0.5263297078238105
./answer/哪个瞬间你理解了父母的某个思想或行为？,0.03825218103665251,0.9617478189633475
./answer/你养的旅行青蛙叫什么名字？,0.24231610957103444,0.7576838904289656
./answer/旅行青蛙为什么带的便当都不吃？,0.3350776863055961,0.6649223136944039
./answer/旅行青蛙的背景音乐是什么？,0.8174427693900388,0.1825572306099612
./answer/由旅行青蛙引发的思考，线上养宠和线下养宠哪个更好一些？,0.8083397649970622,0.1916602350029378
./answer/旅行青蛙－第一张稀有明信片？,0.9010431690251998,0.09895683097480028
./answer/旅行青蛙改时间后玩不了了怎么办？,0.31674699947955876,0.6832530005204412
./answer/旅行青蛙日文换成中文还会那么火吗？,0.23041029378900957,0.7695897062109904
./answer/游戏倒玩会怎样？,0.03848686566866588,0.9615131343313341
./answer/旅行青蛙，邮件打不开怎么办？,0.12706659346414817,0.8729334065358518
./answer/（前）男朋友 女朋友喜欢上别人，是一种什么样的体验？,0.41773429757528346,0.5822657024247165
./answer/nova2怎么退出旅行青蛙？,0.4992576127162436,0.5007423872837564
./answer/《旅行青蛙》中，呱呱是公是母？,0.7791774579463636,0.22082254205363636
./answer/《旅行青蛙》里的小青蛙会死吗？如果死了怎么办？,0.6036084818452936,0.3963915181547064
./answer/生活中有哪些「嘴上笑嘻嘻，心里mmp」的例子？,0.6273753149538939,0.3726246850461061
./answer/旅行青蛙汉化版在哪下？,0.8131850341894179,0.1868149658105821
./answer/ios怎么下载旅行青蛙汉化版？,0.5263848008737408,0.4736151991262592
./answer/农药、吃鸡、恋与制作人以及近期旅行蛙等社交型游戏的快速流行与衰败对整个游戏业有什么影响？,0.968143823596319,0.031856176403681026
./answer/有哪些按钮是万万不能点的？,0.017940530490276774,0.9820594695097232
./answer/中国创业团队为什么做不出“旅かえる（旅行青蛙）”这样的游戏，到底核心根源问题出在哪？？,0.7273821767114614,0.2726178232885385
./answer/旅行青蛙闪退了！清内存也没用，怎么救救儿子？,0.46665902536837045,0.5333409746316295
./answer/为什么《旅行青蛙》只有日文版？,0.3296182475877196,0.6703817524122804
./answer/如何看待关于旅行青蛙最后会出现青蛙被肢解的说法？,0.12470266744151248,0.8752973325584875
./answer/谈恋爱有什么甜腻腻的小故事吗？,0.05229901126208236,0.9477009887379176
./answer/旅行青蛙，水里的三叶草长的慢怎么整，用点什么复合肥！？,0.040156415353978625,0.9598435846460214
./answer/旅行青蛙作为无数放置类游戏中的一个为什么那么火？,0.689636127846299,0.310363872153701
./answer/旅行青蛙被吃？,0.04370347682940989,0.9562965231705901
./answer/旅行青蛙有可能被国内手游商代理吗？,0.6856158517211074,0.3143841482788926
./answer/玩旅行青蛙入戏太深是个什么样的体验?,0.9919369911806589,0.008063008819341086
./answer/旅行青蛙为什么可以在国区appstore直接下载的到？,0.25540901793536286,0.7445909820646371
./answer/有哪些好看的情侣头像？,0.6137180862431373,0.3862819137568627
./answer/有没有朋友使用兔兔助手或者下载汉化版旅行青蛙后被盗号的？,0.2343042557485444,0.7656957442514556
./answer/青蛙旅行氪金？,0.6959855255280092,0.3040144744719908
./answer/旅行青蛙为什么那么火？,0.45585758905107865,0.5441424109489214
./answer/月薪一万在杭州能过什么样的生活？,0.9999615836559103,3.841634408969841e-05
./answer/《旅行青蛙》看不懂日文又想玩怎么办？有什么速成法？,0.40736115832077957,0.5926388416792204
./answer/旅行青蛙（旅かえる）的稀有明信片是如何取得的？,0.9412262413602951,0.05877375863970493
./answer/如何以「旅行青蛙」为背景写一篇小说？,0.2010411493332923,0.7989588506667077
./answer/旅行青蛙有汉化中文无限三叶草破解版吗？,0.37156716816369395,0.628432831836306
./answer/有哪些侮辱消费者智商的山寨产品？,0.22631644990906852,0.7736835500909315
./answer/装逼被打脸是怎样一种体验？,0.6501895243462066,0.3498104756537935
./answer/旅行青蛙里青蛙为何没带蝶回家？,0.7814889520354947,0.21851104796450524
./answer/这是什么植物？旅行青蛙的？,0.6840345596911346,0.31596544030886536
./answer/旅行青蛙调整时间的人心里是怎么想的？,0.06119089456130311,0.9388091054386969
./answer/旅行的青蛙娃会死在外面嘛？,0.2785541691603708,0.7214458308396292
./answer/旅行青蛙这个游戏到底意义何在？,0.06373540021404667,0.9362645997859533
./answer/为什么旅行青蛙火？,0.9762532916850507,0.023746708314949346
./answer/旅行青蛙里有哪些搞笑的细节？,0.9397574635644971,0.06024253643550294
./answer/给旅行青蛙这个游戏加社交属性进去会发展成什么样子？,0.07104668520047663,0.9289533147995234
./answer/哪些游戏玩物不丧志 、能学到知识？,0.9999999566045211,4.3395478920760104e-08
./answer/玩《旅行青蛙》（旅かえる）有哪些体验？,0.9999578876680741,4.211233192583917e-05
./answer/旅行的青蛙为何可以这么火？,0.13595682806329046,0.8640431719367095
./answer/旅行青蛙出门多久才能回家？,0.0791044119164872,0.9208955880835128
./answer/旅行青蛙（旅かえる）游戏热度能维持多久？,0.09015077112895764,0.9098492288710424
./answer/旅行的青蛙中青蛙的蜗牛朋友梅梅（まいまい）为什么从来不进屋子？,0.05591112071844195,0.944088879281558
./answer/求助 旅行青蛙里的小蜗牛来了 但是我给他喂错东西了！？,0.018512794259227583,0.9814872057407724
./answer/旅行青蛙你们收到的最特别，最喜欢的明信片是哪一张？,0.5405549933647718,0.4594450066352282
./answer/浮躁的娱乐圈，还有没有人是佛系？,0.9024570083071096,0.0975429916928904
./answer/旅行青蛙，我家瓜娃子这个称号啥意思？,0.42869459173135527,0.5713054082686447
./answer/关于旅行青蛙中的三叶草现实中有没有相同的品种？,0.5709055362673257,0.4290944637326744
./answer/你玩过最好玩的手机游戏是什么？,0.7904086167395253,0.20959138326047463
./answer/《旅行青蛙》中你的青蛙带回过哪些有趣的照片？,0.9698429335038719,0.030157066496128197
./answer/暴雪为什么要在LOL鼎盛时期期出守望先锋这种竞技游戏，也不愿意打造出魔兽2？,0.526752523237413,0.47324747676258705
./answer/旅行青蛙 如果中国做熊猫系列的能成功吗？,0.9634762998669857,0.03652370013301434
./answer/如果给青蛙旅行中的写真分稀有度，该如何划分？,0.8451408372557037,0.15485916274429629
./answer/玩《旅行青蛙》的人，是什么样的群体？,0.9576044249158048,0.04239557508419519
./answer/中国的社交游戏市场还能火多久？,0.8768505353246119,0.12314946467538815
./answer/旅行青蛙广告一直在，而且无法收信中的广告？,0.503829842351917,0.49617015764808303
./answer/对旅行青蛙不是很感冒的人？,0.6534579477039628,0.34654205229603724
./answer/旅行青蛙有中文版的吗？,0.8804577546683306,0.11954224533166938
./answer/求助：「旅かえる」旅行青蛙的IOS充值问题？,0.1195319118633118,0.8804680881366882
./answer/旅行青蛙，蛙蛙会在你看着他的时候走出门或走回家吗？,0.29947333040086355,0.7005266695991365
./answer/是什么让你爱上旅行青蛙（旅かえる）?,0.8527391206190206,0.14726087938097945
./answer/旅行青蛙，会有结局吗？,0.7771418629075011,0.2228581370924989
./answer/旅行青蛙会被车撞死吗？,0.14693165872730374,0.8530683412726963
./answer/旅行的青蛙会走动吗？,0.47652020570806,0.52347979429194
./answer/你有什么好玩的手游推荐？,0.9999932771440813,6.722855918703618e-06
./answer/旅行青蛙手贱调完时间之后这个什么意思？求解啊啊啊？,0.2047975481154054,0.7952024518845946
./answer/世界首例体细胞克隆猴在中国诞生，这一研究有哪些难点？具有多大的科学意义？,0.9865690339478895,0.013430966052110502
./answer/你们给旅行青蛙的崽儿起了什么名字？,0.8282285071824768,0.17177149281752324
./answer/青蛙旅行长期不给呱娃子饭会不会离家出走?,0.3637963382521927,0.6362036617478073
./answer/旅行青蛙能带回家吗？,0.9999942510383129,5.748961687133428e-06
./answer/如何看待现实生活中和“旅行青蛙”一样的人？,0.982469066484447,0.017530933515553036
./answer/真的有年轻人（28岁左右的男性）追求安逸的生活？对赚钱，晋升，生活品质没啥太高要求吗？,0.15555198506888246,0.8444480149311175
./answer/旅行的青蛙打不开了，怎样才可以修好？,0.7936850153821592,0.20631498461784084
./answer/除了旅行青蛙，还有哪些佛系手游？,0.6857109625971665,0.3142890374028336
./answer/旅行青蛙（旅かえる）蛙儿子给你寄过哪些好看的写真？,0.9980765783243116,0.001923421675688338
./answer/旅行青蛙背包被清理怎么找回？,0.1440475328338724,0.8559524671661276
./answer/你养过哪些特殊宠物？,0.9022648084446745,0.09773519155532555
./answer/旅行青蛙到底怎么玩？,0.7635068920629927,0.23649310793700729
./answer/为什么大家都觉得旅行青蛙中的蛙是男的？,0.6171079944203675,0.3828920055796326
./answer/有男生玩旅行青蛙嘛？,0.8750916025913009,0.12490839740869909
./answer/旅行青蛙里的这个邮件怎么都收取不了，一直在，怎么收取？,0.11032000200647796,0.889679997993522
./answer/怎么看待旅行青蛙这款游戏腾空而出？,0.7850250363282818,0.21497496367171826
./answer/为什么旅行青蛙会火起来？,0.5695136768158986,0.43048632318410146
./answer/有一个程序员男友是一种怎么样的体验？,0.8410552890382933,0.15894471096170673
./answer/城府深心机重的人所表露出的开心是否都是伪装？,0.9893435310852066,0.010656468914793488
./answer/旅行青蛙涉嫌炒作？,0.4414361500366405,0.5585638499633595
./answer/旅行青蛙 蛙相册里有张奇怪的照片，冰冷的地道似的，已经消失超过30个小时了？,0.08595277781329125,0.9140472221867088
./answer/你家的呱，叫什么名字呢？,0.7509634195320447,0.2490365804679553
./answer/猫是否知道自己是猫？,0.5359808613369184,0.4640191386630816
./answer/旅行青蛙出去了两天没回来了？,0.07535040041133179,0.9246495995886682
./answer/为什么旅行青蛙这么流行？,0.7866950497936364,0.2133049502063636
./answer/打call尬聊买橘子 2017哪些流行语占领了你的表情包？,0.5587301707928084,0.4412698292071916
./answer/为什么旅行青蛙可玩性底，却让人着迷？,0.9113336678209473,0.08866633217905275
./answer/旅行青蛙中的青蛙5天没回家也没有寄任何明星片和礼物，蜗牛也五天没出现了，是怎么回事？,0.15408384251349216,0.8459161574865078
./answer/青蛙旅行要收费吗？,0.897334741842892,0.10266525815710803
./answer/为什么《青蛙旅行》这款游戏看似很无聊，玩的人却这么多？,0.01742877603267634,0.9825712239673237
./answer/《旅かえる》（旅行青蛙）为什么会火？,0.3366460377003623,0.6633539622996377
./answer/旅行青蛙里的青蛙会不会睡觉？看书看的都困的不行了呢。？,0.6597912611834658,0.34020873881653424
./answer/你们的旅行青蛙都叫什么名字？,0.32624980288657457,0.6737501971134254
./answer/你为什么会玩旅行青蛙（旅かえる）？,0.5141097897042342,0.4858902102957658
./answer/请问哪位了解旅行青蛙这个游戏的玩法？,0.6686095784233279,0.33139042157667203
./answer/旅行青蛙（旅行ガエル）怎么和好友对战？,0.9167652047986773,0.08323479520132275
./weixin_articles/旅行青蛙离家出走：想要真正的自由，果然学历是第一步！,0.999627881210724,0.0003721187892759759
./weixin_articles/旅行青蛙攻略 ▏你的“蛙儿子”回家没？,0.8554141108931854,0.14458588910681452
./weixin_articles/旅行青蛙的微博之旅,0.9759662102292999,0.024033789770700094
./weixin_articles/日本手游“旅行青蛙”刷爆朋友圈，原因何在？,0.9666716567962573,0.033328343203742714
./weixin_articles/最火的旅行青蛙居然来了大同？传回了明信片，居然不想回家......,0.12474494869591013,0.8752550513040899
./weixin_articles/最近刷屏朋友圈的“旅行青蛙”你在玩儿吗？,0.5383784305312898,0.46162156946871025
./weixin_articles/我去旅行青蛙的世界跟踪了你儿子,0.05106276039026403,0.948937239609736
./weixin_articles/旅行青蛙 | 佛系游戏，玄学 攻略,0.7430640842326968,0.2569359157673033
./weixin_articles/为什么旅行青蛙要住LOFT？,0.9994573381497464,0.0005426618502536603
./weixin_articles/旅行青蛙（旅かえる）的玄学攻略【基础篇】,0.9939619888164996,0.006038011183500453
./weixin_articles/旅行青蛙｜来到云南，蛙儿子从云南给你寄了一组明信片！,0.999994388517509,5.611482491003288e-06
"./weixin_articles/亲子教育：""旅行青蛙"" 真正聪明的父母都怎样？这是我听过最好的答案",0.9984910482801979,0.0015089517198021514
./weixin_articles/旅行青蛙：最会养「蛙」专业排行榜,0.8885310294567773,0.11146897054322265
./weixin_articles/旅行青蛙： 真正聪明的父母都怎样？这是我听过最好的答案,0.9992242206793552,0.0007757793206448019
./weixin_articles/【育儿丨养蛙就是养孩子】《旅行青蛙》告诉我们的教育真理！,0.9940502493919386,0.005949750608061387
./weixin_articles/《旅行青蛙》一夜间刷爆朋友圈，背后的真相却让人泪奔,0.6338936769925583,0.36610632300744167
./weixin_articles/番外篇||旅行青蛙与西藏网警,0.9962422911673209,0.003757708832679102
./weixin_articles/最近旅行青蛙这个游戏很火，日本开发商傻眼了……,0.782796221814047,0.2172037781859531
"./weixin_articles/旅行青蛙来到原乡小镇,给我寄了这么多明信片!它还说……",0.9999779518500789,2.204814992116025e-05
./weixin_articles/我那爱旅行的青蛙儿子，去莫斯科谈恋爱了？,0.1415073698301974,0.8584926301698026
./weixin_articles/旅行青蛙的佛系生活，是在描述这一个真相,0.9997697045649081,0.00023029543509192342
./weixin_articles/爱上一只旅行青蛙，我成了潇洒旅行家~,0.8010498164238448,0.1989501835761552
./weixin_articles/《旅行青蛙》和会计还能有联系？看这份会计分录就知道了！,0.9940075012921408,0.005992498707859186
./weixin_articles/在商丘市玩旅行青蛙  男女交友微信群、QQ群,0.9870577719601608,0.012942228039839212
./weixin_articles/安全知识丨旅行青蛙消防隐患图,0.2958862390935,0.7041137609065
./weixin_articles/孤独的热闹，《旅行青蛙》为何刷爆了你的朋友圈？,0.19073006307291163,0.8092699369270884
./weixin_articles/还在玩《旅行青蛙》？ 春节把《合家欢》带回家！,0.9948932864341925,0.005106713565807448
./weixin_articles/嘉润投资：旅行青蛙引发的理财逻辑,0.9863157543985612,0.013684245601438817
./weixin_articles/旅行青蛙大揭秘，新手图文攻略,0.9343509338686989,0.06564906613130105
./weixin_articles/旅行青蛙：你的呱儿子还没回家？它可能去了这些地方！,0.9989486177681366,0.001051382231863395
./weixin_articles/旅行青蛙の北美游记,0.9106670694138601,0.08933293058613995
./weixin_articles/旅行青蛙---火爆朋友圈的游戏,0.8590941297260882,0.1409058702739118
./weixin_articles/刷爆盆友圈的佛系游戏《旅行青蛙》，牵动了怎样的教育问题？,0.709020156066679,0.290979843933321
./weixin_articles/旅行青蛙告诉你的那些事,0.7442872934471563,0.25571270655284367
./weixin_articles/【荐读】《旅行青蛙》游戏公司负责人：对中国玩家暴增感到很疑惑,0.9209540705639463,0.07904592943605368
./weixin_articles/大同公安紧急提醒：风靡网络的“旅行青蛙”存在多种隐患！提醒广大市民……,0.15258523934449453,0.8474147606555055
./weixin_articles/【食尚微分享】从《旅行青蛙》中看到自己,0.9331592650372469,0.06684073496275317
./weixin_articles/HiRadio丨《旅行青蛙》游戏公司负责人：对中国玩家暴增感到很疑惑,0.26743559687095586,0.7325644031290441
./weixin_articles/火遍全球的《旅行青蛙》刷屏背后的10个人生哲理！（双语））,0.9976635773207024,0.0023364226792975903
./weixin_articles/白夜追蛙，10大疑点带你揭秘旅行青蛙背后の阴暗真相！,0.9998785138547369,0.00012148614526306972
./weixin_articles/【我爱环保】《旅行青蛙》这么火的背后~,0.9481024096831031,0.05189759031689686
"./weixin_articles/旅行青蛙 게임, 제대로 알고 놀기쇼!",0.2961118454907675,0.7038881545092325
./weixin_articles/《旅行青蛙》：因为养了一只蛙，我突然理解了爸妈,0.9346700170722642,0.06532998292773586
./weixin_articles/为什么说我们每个人都该玩一玩旅行青蛙...,0.8093136317224923,0.19068636827750768
./weixin_articles/《旅行青蛙》制作人：只是一款游戏，不用深思熟虑的玩,0.999998951056999,1.0489430010053774e-06
./weixin_articles/旅行青蛙,0.799553816056407,0.200446183943593
./weixin_articles/有声 | 旅行青蛙or孤独大臣，背后反映的问题令人深思！,0.5283102914650615,0.4716897085349385
./weixin_articles/在苏州太仓市港口开发区过年一起玩旅行青蛙 男女交流微信群、QQ群,0.8647374469307564,0.13526255306924365
./weixin_articles/自从我妈迷上了#旅行青蛙#之后，我整个人都不好了...,0.021689574457818828,0.9783104255421812
./weixin_articles/#旅行青蛙#攻略大全，做一个称职的蛙爸蛙妈,0.21098030439976734,0.7890196956002327
./weixin_articles/蛙蛙的爱情，是潜出来的（旅行青蛙潜水篇）,0.9844842035321749,0.015515796467825112
./weixin_articles/旅行青蛙 | 走得再远，终究还是要回家,0.5362392269072842,0.46376077309271574
./weixin_articles/【攻略】旅行青蛙，一只不爱回家的蛙。,0.9954980151438304,0.004501984856169541
./weixin_articles/旅行青蛙史上最全攻略！,0.99816759610974,0.0018324038902599094
./weixin_articles/“旅行青蛙”风靡中国 年轻人为何着迷,0.6199181248369964,0.3800818751630036
./weixin_articles/佛系游戏《旅行青蛙》玩了好几天还糊里糊涂的丨图片、称号搜集齐了嘛？,0.7462487750352196,0.2537512249647805
./weixin_articles/给您的旅行青蛙3000万人民币，他会移民到哪里？,0.9894552089701698,0.01054479102983019
./weixin_articles/旅行青蛙养蛙（娃）攻略——初级,0.8220888234894059,0.1779111765105941
./weixin_articles/江小白旅行青蛙文案，太戳心了！,0.40130804078598836,0.5986919592140116
./weixin_articles/旅行青蛙隐藏真相，它和石棉燚竟然是……,0.3399512904879397,0.6600487095120603
./weixin_articles/热点聚焦 ▍旅行青蛙的家长们，快来了解一波你蛙从事的旅游服务税事！,0.9606019067185341,0.03939809328146592
./weixin_articles/江小白旅行青蛙文案，又又又来扎心了……,0.9377548748454188,0.062245125154581284
./weixin_articles/风靡亚洲的旅行青蛙来驻马店啦！寄回家的天中照片给力！,0.9749643327321911,0.02503566726780888
./weixin_articles/当你遇上“旅行青蛙”,0.9448851807691502,0.05511481923084978
./weixin_articles/旅行青蛙95%为中国用户,0.6524031780123913,0.3475968219876087
./weixin_articles/游戏 | 旅行青蛙进入叛逆期后,0.9377917811861567,0.062208218813843356
./weixin_articles/跟着旅行青蛙去旅行,0.9999100519236077,8.994807639225862e-05
./weixin_articles/【任性】因为是“旅行青蛙”，所以今天不用起标题,0.012294738666749683,0.9877052613332503
./weixin_articles/​青川人，旅行青蛙去日本的地方，青川全有，还更美！,0.9996850829865352,0.0003149170134647493
./weixin_articles/旅行青蛙火了！里面藏着年底加薪的秘密,0.9999955269973415,4.473002658536981e-06
./weixin_articles/朋友圈刷屏游戏《旅行青蛙》：这只青蛙去过多少景点你知道吗？,0.8780469154969374,0.12195308450306268
./weixin_articles/《旅行青蛙》大火！各品牌都想跟你家蛙套近乎,0.9995561443340267,0.0004438556659732751
./weixin_articles/也来聊聊旅行青蛙,0.6205978338951836,0.3794021661048164
./weixin_articles/旅行青蛙，让你想起了谁？父母的视界还清晰吗？,0.04420267994777449,0.9557973200522255
./weixin_articles/你会玩“旅行青蛙”，但是你知道这些事情吗？,0.9474038888464548,0.05259611115354525
./weixin_articles/刷爆朋友圈的“旅行青蛙”，原来揭露了这个真相……,0.9674527317344608,0.032547268265539164
"./weixin_articles/旅行青蛙里，“蛙儿子""寄来的照片究竟谁拍的？",0.9915162937429068,0.008483706257093108
./weixin_articles/旅行青蛙中所有道具，让你的青蛙旅行照更有意思！,0.9769888052709635,0.023011194729036417
./weixin_articles/【旅行青蛙】这只青蛙刷爆了整个朋友圈，这几天正黏在莱西，看看他在干嘛呢？,0.9992111023383666,0.0007888976616334124
./weixin_articles/走心！大数据360°解读《旅行青蛙》（附图）,0.985651286265782,0.014348713734217972
./weixin_articles/教程丨旅行青蛙汉化教程：看完再也不怕看不懂日文,0.8345977654090209,0.16540223459097908
./weixin_articles/史上最全旅行青蛙全攻略,0.8258131616638484,0.17418683833615153
./weixin_articles/【天天预警】《旅行青蛙》挺佛系 游戏虽好玩也得防风险,0.05324167402850832,0.9467583259714917
./weixin_articles/这是目前朋友圈里最火的各种你想要的“旅行青蛙”版本~！,0.9294841147021422,0.07051588529785774
./weixin_articles/《旅行青蛙》： 新的女性化时代来了？,0.9267176573451261,0.07328234265487392
./weixin_articles/旅行青蛙身份曝光：其实你养的是......,0.934758029655526,0.06524197034447402
./weixin_articles/《旅行青蛙》不回家？不如带“娃”画只蛙！,0.910963838811683,0.08903616118831699
./weixin_articles/旅行青蛙最强中文攻略,0.9231107023431455,0.07688929765685446
./weixin_articles/佛系《旅行青蛙》火了！作为佛系养娃老母你是否在瞎养儿子呢？,0.9626829824582218,0.037317017541778234
./weixin_articles/山寨版旅行青蛙应用超20款，旅行青蛙这款游戏还能火多久？,0.1106896221299215,0.8893103778700785
./weixin_articles/从旅行青蛙背后，看孤独的佛系青年,0.971776493883081,0.02822350611691909
./weixin_articles/【平安守护】火爆！《旅行青蛙》攻略，手把手教你养一只会旅行的蛙,0.9534230794073425,0.04657692059265746
./weixin_articles/【天涯荐读】《 旅行青蛙“细思恐极”背后的意义》,0.4417871731973926,0.5582128268026074
./weixin_articles/生活不只有旅行青蛙，还有知识产权和保护知识产权的觉悟~,0.9878186171819575,0.012181382818042477
./weixin_articles/「旅行青蛙」超详细攻略，再也不用担心“白”养了！,0.9998721472534136,0.0001278527465863996
./weixin_articles/“旅行青蛙”，那些你该知道的人生哲理,0.9994260040552072,0.0005739959447928238
./weixin_articles/《旅行青蛙》商标被抢注？,0.38750395039546426,0.6124960496045357
./weixin_articles/搭《旅行青蛙》“便车”存侵权风险,0.011298054125723156,0.9887019458742768
./weixin_articles/旅行青蛙简笔画风靡了家长和老师朋友圈，你get到了吗？,0.9339212976191337,0.0660787023808663
./weixin_articles/《旅行青蛙》游戏公司负责人：对中国玩家暴增感到很疑惑,0.9894713361300201,0.010528663869979853
./weixin_articles/江小白旅行青蛙文案，又双叒叕来扎心了......,0.9869564485244464,0.013043551475553597
./weixin_articles/旅行青蛙|跟着蛙儿子一起去旅游,0.5787085951069043,0.4212914048930957
./weixin_articles/“旅行青蛙”都随身带上梵艾了，你还在等什么？？,0.14066680566573075,0.8593331943342692
./weixin_articles/你的旅行青蛙最需要的，就是一辆长安欧尚X70A,0.9999735867065553,2.6413293444621876e-05
./weixin_articles/【绘本·分享吧】从旅行青蛙了解到的人生哲理！,0.9981521341779631,0.0018478658220368528
./weixin_articles/旅行青蛙：沉迷吸蛙让你提前30年体验当老母亲的心境,0.8731980158957834,0.1268019841042166
./weixin_articles/随记 | 旅行青蛙，心中苦楚（一）,0.37710775802608487,0.6228922419739151
./weixin_articles/《旅行青蛙》为什么在中国这么火？日媒深度解析，更多内情曝光,0.9999987373179243,1.262682075699528e-06
./weixin_articles/旅行青蛙的秘密之二，估计99.99%的人都不知道......,0.5151235574974882,0.4848764425025118
./weixin_articles/旅行青蛙刷屏的背后，何尝不是“学车佛系学员”的安慰剂！,0.9901454324523343,0.009854567547665689
./weixin_articles/揭秘最火手游《旅行青蛙》中，蛙儿子旅行归来带的特产是个啥？,0.3493417624190458,0.6506582375809542
./weixin_articles/旅行青蛙去了日本这么多景点名胜，我要去找TA！,0.9868977798355381,0.013102220164461982
./weixin_articles/旅行青蛙消防隐患图,0.2513579813372506,0.7486420186627494
./weixin_articles/《旅行青蛙》不爱旅行了　因为他爱上了紫金山,0.9501317439634358,0.049868256036564224
./weixin_articles/赚钱新点子：火爆的《旅行青蛙》你在玩吗？一边养娃一边赚钱,0.1255070134869728,0.8744929865130272
./weixin_articles/“旅行青蛙”家长不好当，如何让”蛙仔“安全旅行,0.7451971942541038,0.25480280574589625
./weixin_articles/濮阳玩 旅行青蛙男女交友微信群、QQ群,0.9869134916179295,0.013086508382070474
./weixin_articles/“旅行青蛙”游戏外挂藏风险,0.0001646952172875693,0.9998353047827124
./weixin_articles/旅行青蛙都在学习，会议活动汪们还在等什么,0.7492657745615238,0.25073422543847623
./weixin_articles/芜湖高校版旅行青蛙写真来袭，当蛙崽子来到你的学校...,0.7760482220921645,0.22395177790783552
./weixin_articles/“旅行青蛙”为何一夜爆火？在这佛系游戏里一切都是玄学！,0.9985601489599012,0.0014398510400987585
./weixin_articles/知道你的旅行青蛙去哪里了吗？没错就是来到了广西北海,0.9984434133364097,0.0015565866635902162
./weixin_articles/旅行青蛙攻略 旅行青蛙怎么玩,0.9881278501890662,0.011872149810933721
./weixin_articles/旅行青蛙风靡中国,0.7177276632622167,0.28227233673778324
./weixin_articles/双语 | “旅行青蛙”给你寄了一份最全的旅游专业术语,0.9113501240785581,0.08864987592144187
./weixin_articles/《旅行青蛙》钢琴视谱版，你的蛙回家了吗,0.9690015210392827,0.030998478960717328
./weixin_articles/青蛙不回家是因为你按错键！《旅行青蛙》攻略一秒上手,0.30723783835280793,0.6927621616471921
./weixin_articles/靠玩旅行青蛙找到了男朋友？...这也太甜了吧！！,0.4559035649064247,0.5440964350935753
./weixin_articles/旅行青蛙 | 远方or故乡，今年你回不回家？,0.8672418433860198,0.13275815661398016
./weixin_articles/超全《旅行青蛙》攻略！做称职的蛙妈蛙爸,0.9840644708067164,0.015935529193283553
"./weixin_articles/""旅行青蛙""开发者：青蛙不会再长大 中国比日本火爆",0.5307887512082103,0.46921124879178966
./weixin_articles/纽约时报 | “旅行青蛙”风靡中国，你是“孤独的养蛙青年”吗？,0.9372048164075332,0.06279518359246683
./weixin_articles/自从养了“旅行青蛙”，我家孩子都变乖了,0.9327767198644262,0.0672232801355738
./weixin_articles/「旅行青蛙」一夜刷屏，但也暴露了谁最爱你,0.8902912330278917,0.10970876697210832
./weixin_articles/“旅行青蛙”手游娱乐同时需警惕的……,0.6082808560018871,0.3917191439981129
./weixin_articles/《旅行青蛙》男玩家亲述：好像在等喜欢的女孩,0.8734631566130749,0.12653684338692509
./weixin_articles/《旅行青蛙》这么火的背后~,0.6042095364058659,0.395790463594134
./weixin_articles/《旅行青蛙》的教育反思：告诉你教育孩子的3个关键点！,0.9107279675978563,0.08927203240214365
./weixin_articles/我的旅行青蛙从新疆寄来了明信片,0.9990473043819368,0.0009526956180632031
./weixin_articles/“旅行青蛙”走红，你还不赶紧回家吃饭,0.8562762679226731,0.14372373207732692
./weixin_articles/在南阳市 玩旅行青蛙  男女交友微信群、QQ群,0.9867316031812037,0.013268396818796362
./weixin_articles/旅行青蛙の最強攻略 拿走不谢~,0.6564879014864335,0.3435120985135664
./weixin_articles/《旅行青蛙》第二弹——佛系青年的自身感受,0.963597925695397,0.03640207430460296
./weixin_articles/四维小故事||《旅行青蛙》里那些环保小故事……,0.9639476545802226,0.03605234541977737
./weixin_articles/旅行青蛙，最全日语翻译攻略图来啦！,0.9685482948572406,0.031451705142759426
./weixin_articles/第二百六十一篇文：旅行青蛙  （一）,0.9665100989709478,0.03348990102905226
./weixin_articles/王者荣耀农药小电影：当旅行青蛙遇上阿拉丁神灯，会擦出什么样的火花呢？,0.4091190300982711,0.5908809699017289
./weixin_articles/獐子岛扇贝“说跑就跑”，旅行青蛙不值一提 | 新京报快评,0.3932973045341477,0.6067026954658523
./weixin_articles/旅行青蛙：共123张照片，集齐你就无敌了(欢迎更新),0.9902821871818579,0.009717812818142131
./weixin_articles/旅行青蛙的养成秘诀,0.5652884984920372,0.43471150150796284
./weixin_articles/网曝《旅行青蛙》同款房间 有这样的小屋我就不出门了！,0.8113339160133726,0.18866608398662743
./weixin_articles/你的旅行青蛙不回家?它可能是来了巴中,0.9735354281938192,0.02646457180618073
./weixin_articles/旅行青蛙火了，杜蕾斯赢了！,0.9868500464239112,0.013149953576088846
./weixin_articles/在驻马店市 玩旅行青蛙  男女交友微信群、QQ群,0.986805334972889,0.013194665027110922
./weixin_articles/《旅行青蛙》为什么这么火,0.9893990942800294,0.010600905719970587
./weixin_articles/旅行青蛙：初尝为人父母的辛苦与乐趣,0.6950761260972207,0.30492387390277936
./weixin_articles/旅行青蛙里的 LOFT 住起来真的舒服吗？,0.9994224555071485,0.0005775444928515502
./weixin_articles/旅行青蛙文案，太戳心了！今天你回家了吗？,0.6661362808349269,0.33386371916507307
./weixin_articles/旅行青蛙与拆炸弹,0.8099585679011776,0.1900414320988224
./weixin_articles/如果“旅行青蛙”是个高中生…,0.9212608081485781,0.07873919185142188
"./weixin_articles/旅行青蛙:为什么越来越多的年轻人加入了养""蛙""大军？",0.8702642542615272,0.12973574573847277
./weixin_articles/别做一只孤独的“旅行青蛙”，多陪陪渐渐老去的爸妈！,0.9986379999514973,0.001362000048502775
./weixin_articles/旅行青蛙在广西——你会在哪棵树下停一停？,0.9999277101400432,7.228985995674611e-05
./weixin_articles/旅行青蛙里那些可爱的植物,0.999989978508463,1.0021491536972235e-05
./weixin_articles/旅行青蛙|走在路上的我们,0.9758732752230893,0.024126724776910732
./weixin_articles/高中留学|爆火的旅行青蛙告诉我们：原来父母才是最爱我们的人！,0.9215172634263611,0.07848273657363891
./weixin_articles/旅行青蛙，最近这只青蛙刷爆了朋友圈，但它背后的故事你知道吗？,0.34493958849485207,0.6550604115051479
./weixin_articles/《旅行青蛙》：做一只远行的留学蛙~,0.9164678950916976,0.08353210490830239
./weixin_articles/《旅行青蛙旅行到潜山消防大队》—“娃儿子”寄来了明信片，请您查收！,0.8817435398035238,0.1182564601964762
./weixin_articles/旅行青蛙的下一站：你未曾见过的美丽小镇——荻港,0.8945550429080673,0.10544495709193263
./weixin_articles/独家|旅行青蛙 看看我们的呱呱都去了哪些名胜景点,0.853066605582706,0.146933394417294
./weixin_articles/《旅行青蛙》不是手游，是旅拍大全 (时髦炸),0.9886064730639602,0.011393526936039775
./weixin_articles/1月十大谣言曝光 流感、旅行青蛙等全体中招,0.0007079348943277441,0.9992920651056723
./weixin_articles/旅行青蛙新手入门攻略大全,0.9810638909902457,0.018936109009754256
./weixin_articles/痴迷于旅行青蛙，说的是你吗？,0.9960301723293458,0.003969827670654267
./weixin_articles/音频丨《旅行青蛙》：爸妈付出的远比你想象的更多（中播电台：NJ招募中）,0.9995748062251629,0.0004251937748370462
./weixin_articles/旅行青蛙火了，某企鹅版全民养蛙还远吗？,0.6951736338406688,0.30482636615933123
./weixin_articles/《旅行青蛙》总下载过千万 超9成父母是中国人,0.7324071124341341,0.26759288756586586
./weixin_articles/旅行青蛙中文攻略大全,0.9932175608274504,0.006782439172549564
./weixin_articles/《旅行青蛙》再也不用靠猜来玩了,0.9449369627235271,0.055063037276472875
./weixin_articles/刷爆朋友圈的旅行青蛙,0.6920227712534237,0.30797722874657635
./weixin_articles/“旅行青蛙”暴露了谁最爱你,0.929852914596102,0.07014708540389805
./weixin_articles/爆火的旅行青蛙告诉我们：原来父母才是最爱我们的人！,0.9641139294756935,0.03588607052430643
./weixin_articles/旅行青蛙之财大之游,0.9661853061710325,0.033814693828967554
./weixin_articles/“旅行青蛙”走红，大家到底在玩什么？,0.949778724828927,0.05022127517107301
./weixin_articles/旅行青蛙游戏攻略：乌龟喜欢 不喜欢物品,0.6128138653297264,0.3871861346702737
./weixin_articles/旅行青蛙不回家？多半是在这儿！快来香雪海探梅寻蛙吧~,0.9998369352144622,0.00016306478553780132
./weixin_articles/玩《旅行青蛙》（旅かえる）有哪些体验？,0.9053950307728759,0.09460496922712416
./weixin_articles/旅行青蛙到底吃的啥？游戏里的便当现实版还原合辑！,0.503041642440037,0.4969583575599629
./weixin_articles/旅行青蛙中文攻略：称号取得方法与使用功能,0.36834003668572424,0.6316599633142758
./weixin_articles/旅行青蛙幼师版:我的蛙崽做了幼师之后,0.4704542831227939,0.5295457168772061
./weixin_articles/旅行青蛙里的诗和远方，不过是你渴望的家的模样,0.994446354684623,0.005553645315377051
./weixin_articles/《旅行青蛙》明信片的玄学攻略,0.9061963687553335,0.09380363124466648
./weixin_articles/旅行青蛙得了抑郁症是什么意思？,0.7603261609908609,0.2396738390091391
./weixin_articles/旅行青蛙我已经耍通关了，最后结局太感人！,0.9654312566337392,0.03456874336626079
./weixin_articles/旅行的青蛙,0.994109525499815,0.005890474500184978
./weixin_articles/《旅行青蛙》火火火火火火，你家的呱蛙子回家了吗？,0.9918981100259727,0.008101889974027323
./weixin_articles/为什么旅行青蛙都是蛙儿子，没有蛙女儿？,0.33937105848134574,0.6606289415186543
./weixin_articles/鄂州玩 旅行青蛙男女交友微信群、QQ群,0.9814445949880087,0.018555405011991224
"./weixin_articles/天啊!快收了这只旅行青蛙,受不了了",0.999997229733165,2.7702668350065637e-06
./weixin_articles/旅行青蛙 | 如何控制你的蛙去哪里旅行？,0.8775198923698175,0.12248010763018252
./weixin_articles/旅行青蛙 | 快过年了，一招让蛙儿子回家！,0.9589404057505129,0.041059594249487165
./weixin_articles/湖州玩 旅行青蛙男女交友微信群、QQ群,0.9796209860438272,0.020379013956172778
./weixin_articles/{资讯}“旅行青蛙”走红，大家到底在玩什么？,0.9377991815299304,0.06220081847006963
./weixin_articles/旅行青蛙火了，借势文案怎么写？,0.05825331622407404,0.941746683775926
./weixin_articles/闲谈||游戏“旅行青蛙”为什么会这么火？,0.7784068551743136,0.2215931448256864
./weixin_articles/佛系游戏|旅行青蛙,0.9881957218399547,0.011804278160045258
./weixin_articles/“旅行青蛙” 这里有你想要的各种下载版本,0.9775459486088143,0.022454051391185673
./weixin_articles/如果可以，我也想像旅行青蛙一样生活,0.999954267349216,4.573265078405371e-05
./weixin_articles/佛系青蛙游戏《旅行青蛙》LMAO真·完整汉化版下载发布,0.9224475031949257,0.0775524968050743
./weixin_articles/为何孤独的“旅行青蛙”能够大火？,0.9937394626561122,0.006260537343887782
./weixin_articles/“旅行青蛙”为什么这么火爆?,0.9858658468108994,0.014134153189100608
./weixin_articles/旅行青蛙刷爆朋友圈咯！！,0.12190234287527435,0.8780976571247257
./weixin_articles/【旅行青蛙】想给呱儿子买外挂，当一只青蛙的父母什么感觉,0.9913578842646428,0.00864211573535719
./weixin_articles/《旅行青蛙》是如何成为爆款的,0.47115226582702807,0.5288477341729719
./weixin_articles/【呱呱呱】为什么旅行青蛙都是蛙儿子，没有蛙女儿,0.13518903746869737,0.8648109625313026
./weixin_articles/【扎心】最近刷爆朋友圈的热门游戏「旅行青蛙」暴露了谁最爱你,0.8377021686536019,0.16229783134639808
./weixin_articles/旅行青蛙の旅行日记,0.8488989576173298,0.15110104238267014
./weixin_articles/对话旅行青蛙制作人：接下来可能会开发周边商品,0.8831896175046875,0.11681038249531255
./weixin_articles/旅行青蛙隐藏真相曝光，竟然是因为……,0.5689771086896083,0.4310228913103918
./weixin_articles/“旅行青蛙”刷爆了我的朋友圈,0.9921212534869299,0.007878746513070087
./weixin_articles/室內設計師畫出《旅行青蛙》實際房間，網友直呼：誰捨得離家出走,0.6106370419687902,0.3893629580312098
./weixin_articles/农药小动画：旅行青蛙与阿拉丁神灯,0.8667392780071306,0.1332607219928694
./weixin_articles/攻略 | 这份《旅行青蛙养殖技术大全》，让你学会教科书级的养蛙操作,0.9997056702519186,0.0002943297480813845
./weixin_articles/旅行青蛙隐藏真相曝光，它的真实身份竟然是……,0.8349546328920147,0.1650453671079853
./weixin_articles/日本旅行青蛙中国下载次数占比95% 旅行青蛙的玩法攻略介绍,0.9939617973552602,0.006038202644739795
./weixin_articles/《旅行青蛙》商标被注册？真相万万没想到！,0.9441424074253839,0.05585759257461609
./weixin_articles/我与“旅行青蛙”的那段日子，听说你也在养蛙,0.7246865319036138,0.2753134680963863
./weixin_articles/旅行青蛙齐聚扬城，挑战神秘任务，走街串巷拜大年啰！,0.9983210888829095,0.0016789111170904757
./weixin_articles/旅行青蛙：我从养蛙中看到了身为财务的自己……,0.03905950981680917,0.9609404901831908
./weixin_articles/《旅行青蛙》的三大心理学陷阱,0.9073548567575757,0.09264514324242439
./weixin_articles/天啊！旅行青蛙竟然传回一张郑州的照片！美翻了！,0.9822013589744606,0.01779864102553936
./weixin_articles/《旅行青蛙》全攻略丨让你的蛙儿子勤出门、爱回家,0.9921460478358735,0.007853952164126519
./weixin_articles/【教师资格&教师招聘】旅行青蛙学习便签第二季,0.949031497621068,0.050968502378932044
./weixin_articles/旅行青蛙不回家？看，原来画风是这样的,0.7777539468909811,0.2222460531090189
./weixin_articles/一只【旅行青蛙】让我们感受到了很多...,0.6213650656806997,0.37863493431930023
./weixin_articles/《旅行青蛙》中国代理花落谁家？| 花椒《百万赢家》流量新贵狂撒奖金1.9亿！,0.9324897802102098,0.06751021978979019
./weixin_articles/对话《旅行青蛙》制作团队，青岛的蛙爸蛙妈们想知道的事都在这....,0.8782379457000211,0.12176205429997887
./weixin_articles/【游戏攻略】旅行青蛙攻略带中文翻译,0.9615604977150642,0.03843950228493578
./weixin_articles/知心话 | “旅行青蛙”触动都市人内心最柔软处,0.8978177145233761,0.10218228547662386
./weixin_articles/【独家】《旅行青蛙》刷屏的背后：你不知道的低生育率难题！,0.8596690403737186,0.14033095962628142
./weixin_articles/《旅行青蛙》中国意外爆红，把日本人搞蒙了！,0.9906342745728148,0.00936572542718519
./weixin_articles/日本手游“旅行青蛙”下载量破千万 中国占95%,0.5449689941421143,0.45503100585788575
./weixin_articles/英语FM73 | [旅行青蛙]开发者称将推出中、英等多语言版本,0.10868022302248392,0.8913197769775161
./weixin_articles/【贝比佳】旅行青蛙---“生育意愿测试器”,0.9469996588180144,0.05300034118198558
./weixin_articles/旅行青蛙的秘密：年底加薪就靠它了,0.9999732011209307,2.6798879069270644e-05
./weixin_articles/揭秘！旅行青蛙背后的真相！,0.8757990627674255,0.12420093723257453
./weixin_articles/《旅行青蛙》攻略看这篇 一次搞懂蛙儿子去哪,0.1578864049617983,0.8421135950382017
./weixin_articles/“旅行青蛙”最搞笑的那些朋友圈,0.4174839521102155,0.5825160478897845
./weixin_articles/《旅行青蛙》：披着佛性外衣的父母角色模拟游戏,0.7017406113584825,0.29825938864151746
./weixin_articles/本国遇冷中国受宠！“旅行青蛙”成为“佛系”话题的新元素,0.9260942793885949,0.0739057206114051
./weixin_articles/【爱伊宝贝婴童园】刷爆朋友圈的“旅行青蛙”，原来揭露了这个真相,0.9971627964786758,0.0028372035213242164
./weixin_articles/这只刷爆朋友圈的旅行青蛙，其实是一只校报记者蛙~,0.9170614179280916,0.08293858207190836
./weixin_articles/旅行青蛙的出门攻略，出远门这个东西可不能少,0.94881141259381,0.05118858740619006
